{
    "intensity_stats_full_dataset": {
        "0": {
            "max": 21.54631996154785,
            "mean": 5.472736358642578,
            "min": -0.06537217646837234,
            "percentile_0.05": 1.3111534118652344,
            "percentile_50": 4.324315071105957,
            "percentile_99.5": 16.26104736328125,
            "std": 3.088714122772217
        },
        "1": {
            "max": 255.0,
            "mean": 159.91500854492188,
            "min": 0.0,
            "percentile_0.05": 4.0,
            "percentile_50": 164.0,
            "percentile_99.5": 255.0,
            "std": 53.39071273803711
        }
    },
    "median_relative_size_after_cropping": 1.0,
    "rw_used": "SitkReaderWriter",
    "shapes_after_cropping": [
        [
            121,
            154,
            130
        ],
        [
            122,
            159,
            134
        ],
        [
            122,
            157,
            125
        ],
        [
            115,
            159,
            126
        ],
        [
            120,
            154,
            124
        ],
        [
            134,
            165,
            139
        ],
        [
            125,
            158,
            129
        ],
        [
            128,
            163,
            124
        ],
        [
            121,
            155,
            117
        ],
        [
            121,
            145,
            123
        ],
        [
            127,
            165,
            133
        ],
        [
            115,
            148,
            112
        ],
        [
            126,
            164,
            137
        ],
        [
            121,
            150,
            123
        ],
        [
            121,
            151,
            124
        ],
        [
            111,
            140,
            113
        ],
        [
            121,
            157,
            120
        ],
        [
            124,
            159,
            135
        ],
        [
            113,
            145,
            118
        ],
        [
            112,
            136,
            104
        ],
        [
            120,
            166,
            119
        ],
        [
            124,
            161,
            128
        ],
        [
            126,
            159,
            125
        ],
        [
            116,
            150,
            118
        ],
        [
            124,
            160,
            129
        ],
        [
            130,
            177,
            131
        ],
        [
            132,
            173,
            137
        ],
        [
            110,
            141,
            107
        ],
        [
            135,
            168,
            137
        ],
        [
            122,
            157,
            125
        ],
        [
            123,
            157,
            120
        ],
        [
            128,
            159,
            124
        ],
        [
            121,
            154,
            122
        ],
        [
            120,
            160,
            124
        ],
        [
            127,
            159,
            117
        ],
        [
            109,
            148,
            119
        ],
        [
            119,
            146,
            124
        ],
        [
            135,
            168,
            139
        ],
        [
            133,
            166,
            128
        ],
        [
            139,
            173,
            141
        ],
        [
            119,
            161,
            119
        ],
        [
            126,
            164,
            119
        ],
        [
            127,
            164,
            120
        ],
        [
            122,
            160,
            129
        ],
        [
            138,
            181,
            144
        ],
        [
            129,
            164,
            129
        ],
        [
            130,
            166,
            136
        ],
        [
            123,
            155,
            125
        ],
        [
            131,
            164,
            129
        ],
        [
            132,
            165,
            139
        ],
        [
            124,
            163,
            132
        ],
        [
            116,
            152,
            120
        ],
        [
            128,
            159,
            137
        ],
        [
            118,
            148,
            112
        ],
        [
            124,
            166,
            126
        ],
        [
            117,
            151,
            120
        ],
        [
            126,
            152,
            131
        ],
        [
            128,
            162,
            125
        ],
        [
            127,
            148,
            131
        ],
        [
            133,
            174,
            134
        ],
        [
            131,
            174,
            127
        ],
        [
            123,
            166,
            118
        ],
        [
            131,
            170,
            132
        ],
        [
            98,
            118,
            111
        ],
        [
            101,
            121,
            108
        ],
        [
            102,
            120,
            100
        ],
        [
            109,
            120,
            105
        ],
        [
            124,
            127,
            126
        ],
        [
            106,
            123,
            105
        ],
        [
            119,
            125,
            118
        ],
        [
            117,
            120,
            114
        ],
        [
            113,
            133,
            109
        ],
        [
            112,
            115,
            106
        ],
        [
            111,
            133,
            128
        ],
        [
            105,
            124,
            108
        ],
        [
            112,
            136,
            108
        ],
        [
            107,
            129,
            109
        ],
        [
            116,
            123,
            113
        ],
        [
            103,
            123,
            106
        ]
    ],