{
    "global_mean": 0.27599464739602275,
    "global_std": 0.7511732265395955,
    "means": [
        0.12741125939868525,
        0.41176468092630875,
        0.19792150687428467,
        0.1876822524916622,
        0.33908973433171774,
        0.3971580399072651,
        0.3900454684094041,
        0.3526063614025932,
        0.20144603614097872,
        0.3517004761687968,
        0.4401308766764967,
        0.2090861877375401,
        0.2076572084125692,
        0.1790560923371112,
        0.156537816037836,
        0.3329105111982191,
        0.3647380485908402,
        0.3106322088517616,
        0.41260378949758564,
        0.20617962847288546,
        0.25468331033981767,
        0.23821537253695296,
        0.3269148823962168,
        0.37583907032370156,
        0.35119592508051606,
        0.2010955474486932,
        0.3751248170958901,
        0.2997140437653781,
        0.2827709077658553,
        0.22539921012927727,
        0.38090298266680206,
        0.4648000693332403,
        0.29107537204469386,
        0.2951646745113414,
        0.2895231963224564,
        0.170355287142908,
        0.35058032156715074,
        0.33764881561870713,
        0.3811489030590093,
        0.1693766873125945,
        0.31954665815714267,
        0.33917450425322554,
        0.21679455120995603,
        0.19864848930979356,
        0.3146410652137526,
        0.19857311700413952,
        0.1880908153376378,
        0.3058598561499382,
        0.28508656738529575,
        0.3550642960315342,
        0.3732838607698276,
        0.30561193317222823,
        0.20509981899819724,
        0.21968528780676988,
        0.2947375244821367,
        0.21766089676928219,
        0.32816176976632916,
        0.3577500021960695,
        0.34325186723446377,
        0.4461683698877519,
        0.13190914218972563,
        0.44971886226287255,
        0.247045635631972,
        0.22655673236740315,
        0.1984083503025865,
        0.14794195689959566,
        0.14661512246396943,
        0.3903371798749102,
        0.30942161586418687,
        0.09690244674951491,
        0.3917199124124936,
        0.2158480931641152,
        0.21579626578581368,
        0.3891783774188852,
        0.1956750348181301,
        0.28631230393134205,
        0.21312910694170314,
        0.30182837337420726,
        0.3183269491673344
    ],
    "stds": [
        0.40046160217123644,
        0.7494516453875483,
        0.7363177050178156,
        0.645560010335153,
        0.7766959889541313,
        0.926994409169898,
        0.7858133312080502,
        1.0614108156962319,
        0.34353493092274756,
        0.9009697605986587,
        0.8786785049131903,
        0.5997378402846593,
        0.6419409611090804,
        0.5849696945344572,
        0.5663993648392788,
        0.7041740752256155,
        0.8132030027283368,
        0.896266701915204,
        0.8982933574050649,
        0.7910515155588086,
        0.8083439348153838,
        0.7438219314582108,
        0.8807687968462752,
        0.8850358917663933,
        0.8837803209092802,
        0.6819364453878579,
        0.835028563104102,
        0.7880411249244642,
        0.7382306136055541,
        0.7881203673852156,
        0.7051069663202142,
        0.7372225815841119,
        0.7699160518754127,
        0.7070449762224351,
        0.7058029461310033,
        0.5448019213931838,
        0.8316701246971222,
        1.0057506821458722,
        1.0820605431571106,
        0.5297552004598989,
        0.854607372250934,
        0.8156041749536732,
        0.6952584020068272,
        0.6822426994160427,
        0.7939777287058254,
        0.7395282868933293,
        0.6085800255879955,
        0.8069450791732894,
        0.5769924156397692,
        0.976067161116443,
        0.642672755425663,
        0.7739972067551112,
        0.7250898490673601,
        0.6729454728303176,
        0.7885193258106027,
        0.7906536191292884,
        0.8134855594576799,
        0.6255183570198362,
        0.7775154534655181,
        0.747741665656449,
        0.44223047481092087,
        0.9090543930043418,
        0.8219576296107626,
        0.39502652100895824,
        0.6021644134238884,
        0.5574962754036734,
        0.4736732193544053,
        1.00803839931782,
        0.7719547627406614,
        0.18437328273819903,
        0.9238738872794263,
        0.7606269498925614,
        0.6639318835461053,
        0.7716722139401383,
        0.6029931265099743,
        0.9159587556981562,
        0.7009270333483106,
        0.8822077190725376,
        0.7121745629598485
    ]
}